org_code,org_name,region,names_in_window,months_latest,months_prior,att_latest,att_prior,perf_latest_pct,perf_prior_pct,recovery_pp,recovery_rank
RQW,THE PRINCESS ALEXANDRA HOSPITAL NHS TRUST,NHS ENGLAND EAST OF ENGLAND,1,12,12,99401.0,96768.0,67.37457369644169,48.97900132275132,18.395572373690364,1
RWD,UNITED LINCOLNSHIRE TEACHING HOSPITALS NHS TRUST,NHS ENGLAND MIDLANDS,2,12,12,204323.0,138207.0,60.194887506546,44.80019101782109,15.394696488724911,2
RWY,CALDERDALE AND HUDDERSFIELD NHS FOUNDATION TRUST,NHS ENGLAND NORTH EAST AND YORKSHIRE,1,12,12,192172.0,184579.0,83.3555356659659,69.18988617340001,14.16564949256589,3
RHU,PORTSMOUTH HOSPITALS UNIVERSITY NHS TRUST,NHS ENGLAND SOUTH EAST,2,12,12,127358.0,120572.0,61.65454859529829,50.875825233055764,10.778723362242523,4
RAS,THE HILLINGDON HOSPITALS NHS FOUNDATION TRUST,NHS ENGLAND LONDON,1,12,12,66118.0,72239.0,53.30923500408361,43.79905591162668,9.51017909245693,5
REF,ROYAL CORNWALL HOSPITALS NHS TRUST,NHS ENGLAND SOUTH WEST,1,12,12,82361.0,76158.0,51.18199147654836,43.79054071798104,7.3914507585673235,6
RWG,WEST HERTFORDSHIRE TEACHING HOSPITALS NHS TRUST,NHS ENGLAND EAST OF ENGLAND,1,12,12,100615.0,99026.0,70.34835760075535,63.255104719972536,7.0932528807828135,7
RKB,UNIVERSITY HOSPITALS COVENTRY AND WARWICKSHIRE NHS TRUST,NHS ENGLAND MIDLANDS,1,12,12,149153.0,141322.0,58.42658210025946,51.63668784761042,6.789894252649042,8
RGT,CAMBRIDGE UNIVERSITY HOSPITALS NHS FOUNDATION TRUST,NHS ENGLAND EAST OF ENGLAND,1,12,12,130671.0,124373.0,57.94246619372316,51.45168163508157,6.490784558641593,9
RTH,OXFORD UNIVERSITY HOSPITALS NHS FOUNDATION TRUST,NHS ENGLAND SOUTH EAST,1,12,12,147484.0,144898.0,69.53364432752028,63.109221659374185,6.424422668146093,10
RGP,JAMES PAGET UNIVERSITY HOSPITALS NHS FOUNDATION TRUST,NHS ENGLAND EAST OF ENGLAND,1,12,12,89217.0,86920.0,63.86787271484133,57.806028531983436,6.061844182857897,11
RJC,SOUTH WARWICKSHIRE UNIVERSITY NHS FOUNDATION TRUST,NHS ENGLAND MIDLANDS,1,12,12,99705.0,98611.0,73.52489845042876,67.83218910669196,5.692709343736809,12
R0A,MANCHESTER UNIVERSITY NHS FOUNDATION TRUST,NHS ENGLAND NORTH WEST,1,12,12,309660.0,293069.0,59.660272556997995,54.05621201833015,5.604060538667845,13
RLT,GEORGE ELIOT HOSPITAL NHS TRUST,NHS ENGLAND MIDLANDS,1,12,12,83605.0,82221.0,71.10220680581305,65.82746500285815,5.274741802954907,14
RJ1,GUY'S AND ST THOMAS' NHS FOUNDATION TRUST,NHS ENGLAND LONDON,1,12,12,122924.0,123111.0,64.54313234193485,59.27740006985566,5.265732272079191,15
RCB,YORK AND SCARBOROUGH TEACHING HOSPITALS NHS FOUNDATION TRUST,NHS ENGLAND NORTH EAST AND YORKSHIRE,1,12,12,131972.0,128915.0,48.40875337192738,43.38672768878718,5.0220256831402,16
RGR,WEST SUFFOLK NHS FOUNDATION TRUST,NHS ENGLAND EAST OF ENGLAND,1,12,12,94569.0,91286.0,70.36978290983303,65.37694717700414,4.992835732828894,17
RFR,THE ROTHERHAM NHS FOUNDATION TRUST,NHS ENGLAND NORTH EAST AND YORKSHIRE,1,12,12,111229.0,104709.0,69.03055857734944,64.19600989408742,4.834548683262014,18
RN7,DARTFORD AND GRAVESHAM NHS TRUST,NHS ENGLAND SOUTH EAST,1,12,12,136640.0,134444.0,72.09894613583138,67.45633869864032,4.64260743719106,19
RR7,GATESHEAD HEALTH NHS FOUNDATION TRUST,NHS ENGLAND NORTH EAST AND YORKSHIRE,1,12,12,70789.0,70620.0,59.935865741852545,55.33559898045879,4.600266761393755,20
RM3,NORTHERN CARE ALLIANCE NHS FOUNDATION TRUST,NHS ENGLAND NORTH WEST,1,12,12,313494.0,301260.0,60.580106796302324,55.979884485162316,4.6002223111400085,21
RAL,ROYAL FREE LONDON NHS FOUNDATION TRUST,NHS ENGLAND LONDON,1,12,12,313776.0,233045.0,66.43433532201315,62.075135703404925,4.35919961860823,22
RFF,BARNSLEY HOSPITAL NHS FOUNDATION TRUST,NHS ENGLAND NORTH EAST AND YORKSHIRE,1,12,12,110603.0,105296.0,71.25484842183305,67.00444461328065,4.250403808552392,23
RXK,SANDWELL AND WEST BIRMINGHAM HOSPITALS NHS TRUST,NHS ENGLAND MIDLANDS,1,12,12,136068.0,158441.0,57.768909662815645,53.57704129612916,4.191868366686485,24
RWH,EAST AND NORTH HERTFORDSHIRE TEACHING NHS TRUST,NHS ENGLAND EAST OF ENGLAND,2,12,12,107465.0,107875.0,50.47131624249756,46.4630359212051,4.00828032129246,25
RCF,AIREDALE NHS FOUNDATION TRUST,NHS ENGLAND NORTH EAST AND YORKSHIRE,1,12,12,72277.0,69370.0,62.477689998201356,58.58151938878478,3.896170609416579,26
R1K,LONDON NORTH WEST UNIVERSITY HEALTHCARE NHS TRUST,NHS ENGLAND LONDON,1,12,12,164066.0,160274.0,51.937634854265966,48.299162683903816,3.6384721703621494,27
RJR,COUNTESS OF CHESTER HOSPITAL NHS FOUNDATION TRUST,NHS ENGLAND NORTH WEST,1,12,12,64462.0,60536.0,49.57494337749372,46.033765032377424,3.5411783451162933,28
RTF,NORTHUMBRIA HEALTHCARE NHS FOUNDATION TRUST,NHS ENGLAND NORTH EAST AND YORKSHIRE,1,12,12,123841.0,116469.0,75.59935724033237,72.12648859353132,3.4728686468010466,29
RXF,MID YORKSHIRE TEACHING NHS TRUST,NHS ENGLAND NORTH EAST AND YORKSHIRE,1,12,12,198544.0,197749.0,62.58310500443227,59.164900960308266,3.4182040441240034,30
RYR,UNIVERSITY HOSPITALS SUSSEX NHS FOUNDATION TRUST,NHS ENGLAND SOUTH EAST,1,12,12,321536.0,275154.0,61.23264580015923,57.839246385660395,3.3933994144988375,31
RRF,"WRIGHTINGTON, WIGAN AND LEIGH TEACHING HOSPITALS NHS FOUNDATION TRUST",NHS ENGLAND NORTH WEST,2,12,12,88094.0,85408.0,52.96160919018321,49.71665417759461,3.2449550125885978,32
RC9,BEDFORDSHIRE HOSPITALS NHS FOUNDATION TRUST,NHS ENGLAND EAST OF ENGLAND,1,12,12,201877.0,193756.0,62.2988255224716,59.12849150477921,3.17033401769239,33
RWE,UNIVERSITY HOSPITALS OF LEICESTER NHS TRUST,NHS ENGLAND MIDLANDS,1,12,12,264994.0,260616.0,60.14249379231228,57.16418024986953,2.9783135424427485,34
RVJ,NORTH BRISTOL NHS TRUST,NHS ENGLAND SOUTH WEST,1,12,12,110606.0,106553.0,63.69365133898703,60.86923878257768,2.8244125564093494,35
RGN,NORTH WEST ANGLIA NHS FOUNDATION TRUST,NHS ENGLAND EAST OF ENGLAND,1,12,12,179535.0,169292.0,61.157434483526885,58.387283510148144,2.7701509733787404,36
RBS,ALDER HEY CHILDREN'S NHS FOUNDATION TRUST,NHS ENGLAND NORTH WEST,1,12,12,70785.0,67676.0,85.20731793459066,82.62751935693599,2.579798577654671,37
R1H,BARTS HEALTH NHS TRUST,NHS ENGLAND LONDON,1,12,12,305760.0,296021.0,55.9533621140764,53.48944838372953,2.4639137303468672,38
RA9,TORBAY AND SOUTH DEVON NHS FOUNDATION TRUST,NHS ENGLAND SOUTH WEST,1,12,12,79832.0,75570.0,55.11824832147509,52.690220987164224,2.428027334310869,39
RR8,LEEDS TEACHING HOSPITALS NHS TRUST,NHS ENGLAND NORTH EAST AND YORKSHIRE,1,12,12,213504.0,208672.0,61.03632718824941,58.63508280938506,2.401244378864348,40
RXP,COUNTY DURHAM AND DARLINGTON NHS FOUNDATION TRUST,NHS ENGLAND NORTH EAST AND YORKSHIRE,1,12,12,154625.0,153436.0,59.59579628132579,57.38679319064626,2.2090030906795306,41
RJ2,LEWISHAM AND GREENWICH NHS TRUST,NHS ENGLAND LONDON,1,12,12,190385.0,168924.0,50.64054416051684,48.473277923800055,2.1672662367167845,42
RWP,WORCESTERSHIRE ACUTE HOSPITALS NHS TRUST,NHS ENGLAND MIDLANDS,1,12,12,165200.0,154690.0,50.04903147699758,47.885448315986814,2.163583161010763,43
RXQ,BUCKINGHAMSHIRE HEALTHCARE NHS TRUST,NHS ENGLAND SOUTH EAST,1,12,12,120816.0,123226.0,65.34647728777645,63.281288039861714,2.065189247914738,44
RK5,SHERWOOD FOREST HOSPITALS NHS FOUNDATION TRUST,NHS ENGLAND MIDLANDS,1,12,12,131388.0,128145.0,61.30164094133406,59.29454914354832,2.0070917977857334,45
RHQ,SHEFFIELD TEACHING HOSPITALS NHS FOUNDATION TRUST,NHS ENGLAND NORTH EAST AND YORKSHIRE,1,12,12,106838.0,107627.0,49.17351504146465,47.41839872894348,1.7551163125211673,46
RDU,FRIMLEY HEALTH NHS FOUNDATION TRUST,NHS ENGLAND SOUTH EAST,1,12,12,271749.0,269612.0,59.020640370341745,57.27675326024064,1.743887110101106,47
RXW,THE SHREWSBURY AND TELFORD HOSPITAL NHS TRUST,NHS ENGLAND MIDLANDS,1,12,12,129655.0,124200.0,44.46492615016775,42.7536231884058,1.7113029617619517,48
RJ6,CROYDON HEALTH SERVICES NHS TRUST,NHS ENGLAND LONDON,1,12,12,156286.0,155552.0,65.94064727486787,64.25889734622506,1.681749928642816,49
RM1,NORFOLK AND NORWICH UNIVERSITY HOSPITALS NHS FOUNDATION TRUST,NHS ENGLAND EAST OF ENGLAND,1,12,12,152705.0,144878.0,69.3867260404047,67.70593188751916,1.6807941528855395,50
RWJ,STOCKPORT NHS FOUNDATION TRUST,NHS ENGLAND NORTH WEST,1,12,12,95448.0,93456.0,60.113360154220096,58.62437938709125,1.4889807671288438,51
RTR,SOUTH TEES HOSPITALS NHS FOUNDATION TRUST,NHS ENGLAND NORTH EAST AND YORKSHIRE,1,12,12,89015.0,90247.0,49.926416896028755,48.50465943466264,1.4217574613661128,52
RWA,HULL UNIVERSITY TEACHING HOSPITALS NHS TRUST,NHS ENGLAND NORTH EAST AND YORKSHIRE,1,12,12,116768.0,110011.0,44.521615511098936,43.12568743125688,1.395928079842058,53
RTE,GLOUCESTERSHIRE HOSPITALS NHS FOUNDATION TRUST,NHS ENGLAND SOUTH WEST,1,12,12,160541.0,152758.0,62.14861001239559,60.77324919153171,1.3753608208638752,54
RHW,ROYAL BERKSHIRE NHS FOUNDATION TRUST,NHS ENGLAND SOUTH EAST,1,12,12,132716.0,136809.0,64.72015431447602,63.41614952232675,1.3040047921492715,55
RBL,WIRRAL UNIVERSITY TEACHING HOSPITAL NHS FOUNDATION TRUST,NHS ENGLAND NORTH WEST,1,12,12,94474.0,90152.0,46.25928826978851,45.00732096903008,1.2519673007584302,56
RXN,LANCASHIRE TEACHING HOSPITALS NHS FOUNDATION TRUST,NHS ENGLAND NORTH WEST,1,12,12,144196.0,141473.0,62.7229604149907,61.59055084715812,1.1324095678325818,57
RQM,CHELSEA AND WESTMINSTER HOSPITAL NHS FOUNDATION TRUST,NHS ENGLAND LONDON,1,12,12,237084.0,232134.0,72.08162507803142,70.9529840523146,1.1286410257168171,58
RRV,UNIVERSITY COLLEGE LONDON HOSPITALS NHS FOUNDATION TRUST,NHS ENGLAND LONDON,1,12,12,159521.0,154251.0,71.83881745977018,70.75480872085109,1.0840087389190955,59
RJZ,KING'S COLLEGE HOSPITAL NHS FOUNDATION TRUST,NHS ENGLAND LONDON,1,12,12,186678.0,184656.0,56.812264969626845,55.79130924529937,1.0209557243274787,60
RVV,EAST KENT HOSPITALS UNIVERSITY NHS FOUNDATION TRUST,NHS ENGLAND SOUTH EAST,1,12,12,155660.0,154314.0,53.91365797250418,52.98352709410682,0.9301308783973639,61
RXR,EAST LANCASHIRE HOSPITALS NHS TRUST,NHS ENGLAND NORTH WEST,1,12,12,163072.0,155298.0,65.98741660125589,65.1090162139886,0.8784003872672912,62
RKE,WHITTINGTON HEALTH NHS TRUST,NHS ENGLAND LONDON,1,12,12,107773.0,109331.0,71.63018566802447,70.8161454665191,0.8140402015053638,63
RBT,MID CHESHIRE HOSPITALS NHS FOUNDATION TRUST,NHS ENGLAND NORTH WEST,1,12,12,84933.0,84573.0,43.639103764143506,42.86237924633157,0.7767245178119353,64
RA7,UNIVERSITY HOSPITALS BRISTOL AND WESTON NHS FOUNDATION TRUST,NHS ENGLAND SOUTH WEST,1,12,12,188807.0,183498.0,64.17029029644029,63.4426533259218,0.727636970518482,65
RMC,BOLTON NHS FOUNDATION TRUST,NHS ENGLAND NORTH WEST,1,12,12,98344.0,94356.0,51.46119742943138,50.7779049556997,0.683292473731683,66
RD8,MILTON KEYNES UNIVERSITY HOSPITAL NHS FOUNDATION TRUST,NHS ENGLAND EAST OF ENGLAND,1,12,12,97109.0,98546.0,60.04695754255527,59.41895155561869,0.6280059869365786,67
RTD,THE NEWCASTLE UPON TYNE HOSPITALS NHS FOUNDATION TRUST,NHS ENGLAND NORTH EAST AND YORKSHIRE,1,12,12,146955.0,145860.0,60.68796570378687,60.067187714246536,0.6207779895403363,68
RAE,BRADFORD TEACHING HOSPITALS NHS FOUNDATION TRUST,NHS ENGLAND NORTH EAST AND YORKSHIRE,1,12,12,111776.0,111214.0,75.41332665330661,74.79993525994928,0.6133913933573325,69
RRK,UNIVERSITY HOSPITALS BIRMINGHAM NHS FOUNDATION TRUST,NHS ENGLAND MIDLANDS,1,12,12,414623.0,404591.0,59.381896325095326,58.801604583394095,0.580291741701231,70
RDE,EAST SUFFOLK AND NORTH ESSEX NHS FOUNDATION TRUST,NHS ENGLAND EAST OF ENGLAND,1,12,12,138748.0,164271.0,51.620924265575,51.10883844379106,0.5120858217839412,71
RQX,HOMERTON HEALTHCARE NHS FOUNDATION TRUST,NHS ENGLAND LONDON,1,12,12,132768.0,131676.0,81.73505664015426,81.25702481849389,0.47803182166036606,72
RNQ,KETTERING GENERAL HOSPITAL NHS FOUNDATION TRUST,NHS ENGLAND MIDLANDS,1,12,12,122553.0,116195.0,62.803032157515524,62.411463488101894,0.3915686694136298,73
RP5,DONCASTER AND BASSETLAW TEACHING HOSPITALS NHS FOUNDATION TRUST,NHS ENGLAND NORTH EAST AND YORKSHIRE,1,12,12,166412.0,160609.0,64.07110064178065,63.692570154848106,0.3785304869325401,74
RBN,MERSEY AND WEST LANCASHIRE TEACHING HOSPITALS NHS TRUST,NHS ENGLAND NORTH WEST,1,12,12,208546.0,201235.0,62.13353408840256,61.815290580664396,0.3182435077381669,75
RBK,WALSALL HEALTHCARE NHS TRUST,NHS ENGLAND MIDLANDS,1,12,12,114286.0,108233.0,66.4009589976025,66.14433675496383,0.2566222426386702,76
R0B,SOUTH TYNESIDE AND SUNDERLAND NHS FOUNDATION TRUST,NHS ENGLAND NORTH EAST AND YORKSHIRE,1,12,12,134524.0,136137.0,53.1444203264845,53.08108743398194,0.06333289250255802,77
RYJ,IMPERIAL COLLEGE HEALTHCARE NHS TRUST,NHS ENGLAND LONDON,1,12,12,145309.0,142021.0,58.01292418225987,58.109012047514106,-0.0960878652542334,78
RNN,NORTH CUMBRIA INTEGRATED CARE NHS FOUNDATION TRUST,NHS ENGLAND NORTH EAST AND YORKSHIRE,1,12,12,106085.0,105040.0,55.029457510486864,55.564546839299325,-0.535089328812461,79
RXL,BLACKPOOL TEACHING HOSPITALS NHS FOUNDATION TRUST,NHS ENGLAND NORTH WEST,1,12,12,106388.0,104403.0,53.166710531262915,53.78389509879984,-0.6171845675369241,80
RWW,WARRINGTON AND HALTON TEACHING HOSPITALS NHS FOUNDATION TRUST,NHS ENGLAND NORTH WEST,1,12,12,82707.0,81666.0,48.5605813292708,49.23223863051943,-0.6716573012486293,81
RJE,UNIVERSITY HOSPITALS OF NORTH MIDLANDS NHS TRUST,NHS ENGLAND MIDLANDS,1,12,12,174149.0,161578.0,47.39676943307168,48.097513275322136,-0.7007438422504535,82
RAJ,MID AND SOUTH ESSEX NHS FOUNDATION TRUST,NHS ENGLAND EAST OF ENGLAND,1,12,12,343747.0,358858.0,65.59126334193462,66.43519163568877,-0.8439282937541464,83
RHM,UNIVERSITY HOSPITAL SOUTHAMPTON NHS FOUNDATION TRUST,NHS ENGLAND SOUTH EAST,1,12,12,140531.0,140336.0,61.8511218165387,62.78788051533463,-0.9367586987959271,84
RK9,UNIVERSITY HOSPITALS PLYMOUTH NHS TRUST,NHS ENGLAND SOUTH WEST,1,12,12,107510.0,108066.0,45.313924286112915,46.317065497011086,-1.0031412108981712,85
RLQ,WYE VALLEY NHS TRUST,NHS ENGLAND MIDLANDS,1,12,12,71325.0,71828.0,57.70347003154575,58.72640196023835,-1.0229319286926,86
RXC,EAST SUSSEX HEALTHCARE NHS TRUST,NHS ENGLAND SOUTH EAST,1,12,12,107317.0,107328.0,58.88442651210899,59.96012224209899,-1.0756957299900023,87
REM,LIVERPOOL UNIVERSITY HOSPITALS NHS FOUNDATION TRUST,NHS ENGLAND NORTH WEST,1,12,12,192474.0,183395.0,50.61670667206999,51.85692085389459,-1.240214181824605,88
RJ7,ST GEORGE'S UNIVERSITY HOSPITALS NHS FOUNDATION TRUST,NHS ENGLAND LONDON,1,12,12,103814.0,105750.0,70.32481168243204,71.57635933806147,-1.2515476556294232,89
RF4,"BARKING, HAVERING AND REDBRIDGE UNIVERSITY HOSPITALS NHS TRUST",NHS ENGLAND LONDON,1,12,12,161554.0,157718.0,54.34467732151479,55.715897995155906,-1.371220673641119,90
RL4,THE ROYAL WOLVERHAMPTON NHS TRUST,NHS ENGLAND MIDLANDS,1,12,12,142208.0,152110.0,67.56441269126913,68.99546380908552,-1.431051117816395,91
RPA,MEDWAY NHS FOUNDATION TRUST,NHS ENGLAND SOUTH EAST,1,12,12,114871.0,104330.0,64.38091424293337,65.82574523147704,-1.4448309885436714,92
R0D,UNIVERSITY HOSPITALS DORSET NHS FOUNDATION TRUST,NHS ENGLAND SOUTH WEST,1,12,12,173162.0,157843.0,58.42390362781673,60.21806478589484,-1.7941611580781114,93
RMP,TAMESIDE AND GLOSSOP INTEGRATED CARE NHS FOUNDATION TRUST,NHS ENGLAND NORTH WEST,1,12,12,101706.0,101337.0,50.550606650541766,52.48132468890928,-1.930718038367516,94
RD1,ROYAL UNITED HOSPITALS BATH NHS FOUNDATION TRUST,NHS ENGLAND SOUTH WEST,1,12,12,107136.0,101464.0,58.06358273596177,60.004533627690606,-1.940950891728832,95
RTG,UNIVERSITY HOSPITALS OF DERBY AND BURTON NHS FOUNDATION TRUST,NHS ENGLAND MIDLANDS,1,12,12,230738.0,238687.0,53.220969237836854,55.164713620766946,-1.9437443829300918,96
RH8,ROYAL DEVON UNIVERSITY HEALTHCARE NHS FOUNDATION TRUST,NHS ENGLAND SOUTH WEST,1,12,12,153723.0,146968.0,57.81568145300313,59.90487725219096,-2.089195799187827,97
RVR,EPSOM AND ST HELIER UNIVERSITY HOSPITALS NHS TRUST,NHS ENGLAND LONDON,1,12,12,132725.0,131974.0,68.77076662271615,71.40042735690363,-2.629660734187482,98
RWF,MAIDSTONE AND TUNBRIDGE WELLS NHS TRUST,NHS ENGLAND SOUTH EAST,1,12,12,224932.0,216482.0,77.71993313534757,80.74250976986539,-3.0225766345178187,99
RNS,NORTHAMPTON GENERAL HOSPITAL NHS TRUST,NHS ENGLAND MIDLANDS,1,12,12,125498.0,117907.0,59.632822833830026,62.79440576047224,-3.161582926642211,100
RN5,HAMPSHIRE HOSPITALS NHS FOUNDATION TRUST,NHS ENGLAND SOUTH EAST,1,12,12,128090.0,141902.0,54.44375048793817,58.02525686741554,-3.581506379477375,101
RJL,NORTHERN LINCOLNSHIRE AND GOOLE NHS FOUNDATION TRUST,NHS ENGLAND NORTH EAST AND YORKSHIRE,1,12,12,114803.0,112456.0,47.99351933311847,51.82382442911005,-3.8303050959915765,102
RH5,SOMERSET NHS FOUNDATION TRUST,NHS ENGLAND SOUTH WEST,1,12,12,147892.0,152451.0,52.87033781408055,56.74019849000662,-3.86986067592607,103
RNA,THE DUDLEY GROUP NHS FOUNDATION TRUST,NHS ENGLAND MIDLANDS,1,12,12,119003.0,111312.0,67.65123568313403,71.56820468592784,-3.916969002793806,104
RCX,"THE QUEEN ELIZABETH HOSPITAL, KING'S LYNN, NHS FOUNDATION TRUST",NHS ENGLAND EAST OF ENGLAND,1,12,12,79663.0,79763.0,55.81135533434593,60.05666787859032,-4.245312544244385,105
RAX,KINGSTON AND RICHMOND NHS FOUNDATION TRUST,NHS ENGLAND LONDON,2,12,12,83358.0,84752.0,47.36438014347753,52.08844629035303,-4.724066146875501,106
RA2,ROYAL SURREY NHS FOUNDATION TRUST,NHS ENGLAND SOUTH EAST,2,12,12,80461.0,79147.0,67.04738941847603,72.05074102619177,-5.003351607715743,107
RFS,CHESTERFIELD ROYAL HOSPITAL NHS FOUNDATION TRUST,NHS ENGLAND MIDLANDS,1,12,12,76171.0,83103.0,47.29490225939006,52.357917283371236,-5.06301502398118,108
RX1,NOTTINGHAM UNIVERSITY HOSPITALS NHS TRUST,NHS ENGLAND MIDLANDS,1,12,12,153351.0,184329.0,44.48878716147922,49.81310591388224,-5.324318752403016,109
RN3,GREAT WESTERN HOSPITALS NHS FOUNDATION TRUST,NHS ENGLAND SOUTH WEST,1,12,12,71163.0,65330.0,48.77956241305172,55.075769171896525,-6.296206758844804,110
RTP,SURREY AND SUSSEX HEALTHCARE NHS TRUST,NHS ENGLAND SOUTH EAST,1,12,12,123445.0,124839.0,59.39244197820892,65.71023478239972,-6.317792804190802,111
RTX,UNIVERSITY HOSPITALS OF MORECAMBE BAY NHS FOUNDATION TRUST,NHS ENGLAND NORTH WEST,1,12,12,108549.0,107914.0,60.4676229168394,67.05988101636488,-6.5922580995254805,112
RTK,ASHFORD AND ST PETER'S HOSPITALS NHS FOUNDATION TRUST,NHS ENGLAND SOUTH EAST,1,12,12,88158.0,120886.0,50.774745343587654,66.73394768624985,-15.959202342662195,113
