period_month,att_type1,att_all,over4hr_type1,over4hr_all,waited_4_12hr_dta,waited_12hr_dta,perf_all,perf_type1
2024-04-01,1341059,2163149,534979,563068,92266,42078,0.7396998542402766,0.6010772083853134
2024-05-01,1439178,2331010,584646,619285,96215,42555,0.7343276090621662,0.5937639402492256
2024-06-01,1374917,2215640,547250,574514,90008,38106,0.7407006553411204,0.6019759738224199
2024-07-01,1399224,2251330,543499,568225,92524,36806,0.7476047491926994,0.611571127996661
2024-08-01,1292332,2086225,487960,504447,87995,28494,0.758201056932977,0.6224190068805848
2024-09-01,1335923,2140977,541162,563079,91752,38880,0.7369990429602933,0.5949152758055667
2024-10-01,1422317,2280392,601329,626992,99172,49616,0.72505078074296,0.5772187212836519
2024-11-01,1396858,2234578,605301,634410,94991,45791,0.7160940454976286,0.5666696256885095
2024-12-01,1407530,2258452,633815,667235,100482,54207,0.704560911633278,0.5496969869203499
2025-01-01,1326670,2133300,566267,589826,98053,61529,0.7235147424178503,0.5731666503350494
2025-02-01,1241931,2008463,521619,545676,83614,47623,0.7283116492561725,0.5799935745222561
2025-03-01,1418235,2299660,558656,588838,87191,46766,0.7439456267448232,0.6060906690358085
2025-04-01,1354959,2209687,544820,571127,87208,44648,0.7415348870677159,0.5979066525260174
2025-05-01,1419306,2309298,555982,581375,87144,42891,0.7482460037639145,0.6082719300841397
2025-06-01,1395330,2268166,539355,566734,79488,38683,0.7501355720877573,0.6134570316699275
2025-07-01,1433180,2320374,534607,560285,80075,35467,0.758536770365467,0.6269784674639612
2025-08-01,1351631,2182723,518160,539040,79917,35909,0.7530424153683266,0.6166409323254646
2025-09-01,1385429,2227502,543443,567723,84239,44765,0.7451301951692972,0.6077438829416737
2025-10-01,1449480,2317742,581850,610640,88420,54326,0.736536680959313,0.5985801804785165
2025-11-01,1420033,2263562,566630,596066,83151,50648,0.7366690198898904,0.6009740618703932
2025-12-01,1407641,2239924,572315,599599,86988,50789,0.7323127927554685,0.59342261272583
2026-01-01,1405035,2235696,603633,629727,89624,71517,0.7183306674968333,0.5703786738408652
2026-02-01,1271830,2043572,519984,541635,77589,54649,0.7349567326230737,0.5911529056556301
2026-03-01,1451010,2351347,523986,549428,77205,46665,0.7663347859758682,0.638881882275105
